-- -----------------------------
-- Think MySQL Data Transfer 
-- 
-- Host     : 192.168.1.200
-- Port     : 3306
-- Database : onethink_v01
-- 
-- Part : #1
-- Date : 2013-10-11 12:02:01
-- -----------------------------

SET FOREIGN_KEY_CHECKS = 0;


-- -----------------------------
-- Table structure for `onethink_action`
-- -----------------------------
DROP TABLE IF EXISTS `onethink_action`;
CREATE TABLE `onethink_action` (
  `id` int(11) unsigned NOT NULL AUTO_INCREMENT COMMENT '主键',
  `name` char(30) NOT NULL COMMENT '行为唯一标识',
  `title` char(80) NOT NULL DEFAULT '' COMMENT '行为说明',
  `remark` char(140) NOT NULL DEFAULT '' COMMENT '行为描述',
  `rule` text NOT NULL COMMENT '行为规则',
  `status` tinyint(2) NOT NULL COMMENT '状态（-1：已删除，0：禁用，1：正常）',
  `update_time` int(11) unsigned NOT NULL DEFAULT '0' COMMENT '修改时间',
  PRIMARY KEY (`id`)
) ENGINE=MyISAM AUTO_INCREMENT=4 DEFAULT CHARSET=utf8 ROW_FORMAT=DYNAMIC COMMENT='系统行为表';

-- -----------------------------
-- Records of `onethink_action`
-- -----------------------------
INSERT INTO `onethink_action` VALUES ('1', 'user_login', '用户登录', '积分+10，每天一次', 'table:member|field:score|condition:uid={$self} AND status>-1|rule:9-2+3+score*1/1|cycle:24|max:1;', '1', '1377681235');
INSERT INTO `onethink_action` VALUES ('2', 'add_article', '发布文章', '积分+5，每天上限5次', 'table:member|field:score|condition:uid={$self}|rule:score+5|cycle:24|max:5', '1', '1380173180');
INSERT INTO `onethink_action` VALUES ('3', 'review', '评论', '评论积分+2', 'table:member|field:score|condition:uid={$self}|rule:score+1|cycle:24|max:5', '1', '1380173188');

-- -----------------------------
-- Table structure for `onethink_action_log`
-- -----------------------------
DROP TABLE IF EXISTS `onethink_action_log`;
CREATE TABLE `onethink_action_log` (
  `id` int(10) unsigned NOT NULL AUTO_INCREMENT COMMENT '主键',
  `action_id` int(10) unsigned NOT NULL COMMENT '行为id',
  `user_id` int(10) unsigned NOT NULL COMMENT '执行用户id',
  `action_ip` bigint(20) NOT NULL COMMENT '执行行为者ip',
  `model` char(50) NOT NULL COMMENT '触发行为的表',
  `record_id` int(10) NOT NULL COMMENT '触发行为的数据id',
  `create_time` int(10) unsigned NOT NULL COMMENT '执行行为的时间',
  PRIMARY KEY (`id`),
  KEY `action_id_ix` (`action_id`) USING BTREE,
  KEY `user_id_ix` (`user_id`) USING BTREE,
  KEY `action_ip_ix` (`action_ip`) USING BTREE
) ENGINE=MyISAM AUTO_INCREMENT=3 DEFAULT CHARSET=utf8 ROW_FORMAT=FIXED COMMENT='行为日志表';

-- -----------------------------
-- Records of `onethink_action_log`
-- -----------------------------
INSERT INTO `onethink_action_log` VALUES ('1', '1', '1', '2130706433', 'member', '1', '1380441322');
INSERT INTO `onethink_action_log` VALUES ('2', '1', '1', '2130706433', 'member', '1', '1380441694');

-- -----------------------------
-- Table structure for `onethink_addons`
-- -----------------------------
DROP TABLE IF EXISTS `onethink_addons`;
CREATE TABLE `onethink_addons` (
  `id` int(10) unsigned NOT NULL AUTO_INCREMENT COMMENT '主键',
  `name` varchar(40) NOT NULL COMMENT '插件名或标识，区分大小写',
  `title` varchar(20) NOT NULL COMMENT '中文名',
  `description` text COMMENT '插件描述',
  `status` tinyint(1) NOT NULL DEFAULT '1' COMMENT '状态 1-启用 0-禁用 -1-损坏',
  `config` text COMMENT '配置 序列化存放',
  `author` varchar(40) DEFAULT NULL COMMENT '作者',
  `version` varchar(20) DEFAULT NULL COMMENT '版本号',
  `create_time` int(10) unsigned NOT NULL COMMENT '安装时间',
  `has_adminlist` tinyint(1) unsigned NOT NULL DEFAULT '0' COMMENT '1-有后台列表 0-无后台列表',
  PRIMARY KEY (`id`)
) ENGINE=MyISAM AUTO_INCREMENT=13 DEFAULT CHARSET=utf8 COMMENT='插件表';

-- -----------------------------
-- Records of `onethink_addons`
-- -----------------------------
INSERT INTO `onethink_addons` VALUES ('1', 'EditorForAdmin', '后台编辑器', '用于增强整站长文本的输入和显示', '1', '{\"editor_type\":\"1\",\"editor_wysiwyg\":\"1\",\"editor_height\":\"500px\",\"editor_resize_type\":\"1\"}', 'thinkphp', '0.1', '1379511996', '0');
INSERT INTO `onethink_addons` VALUES ('2', 'SiteStat', '站点统计信息', '统计站点的基础信息', '1', '{\"title\":\"\\u7cfb\\u7edf\\u4fe1\\u606f\",\"width\":\"1\",\"display\":\"1\",\"status\":\"0\"}', 'thinkphp', '0.1', '1379512015', '0');
INSERT INTO `onethink_addons` VALUES ('3', 'DevTeam', '开发团队信息', '开发团队成员信息', '1', '{\"title\":\"OneThink\\u5f00\\u53d1\\u56e2\\u961f\",\"width\":\"2\",\"display\":\"1\"}', 'thinkphp', '0.1', '1379512022', '0');
INSERT INTO `onethink_addons` VALUES ('4', 'SystemInfo', '系统环境信息', '用于显示一些服务器的信息', '1', '{\"title\":\"\\u7cfb\\u7edf\\u4fe1\\u606f\",\"width\":\"2\",\"display\":\"1\"}', 'thinkphp', '0.1', '1379512036', '0');
INSERT INTO `onethink_addons` VALUES ('5', 'Editor', '前台编辑器', '用于增强整站长文本的输入和显示', '1', '{\"editor_type\":\"2\",\"editor_wysiwyg\":\"1\",\"editor_height\":\"300px\",\"editor_resize_type\":\"1\"}', 'thinkphp', '0.1', '1379830910', '0');
INSERT INTO `onethink_addons` VALUES ('6', 'Attachment', '附件', '用于文档模型上传附件', '1', 'null', 'thinkphp', '0.1', '1379842319', '1');
INSERT INTO `onethink_addons` VALUES ('12', 'ReturnTop', '返回顶部', '回到顶部美化，随机或指定显示，100款样式，每天一种换，天天都用新样式', '1', '{\"random\":\"0\",\"current\":\"1\"}', 'thinkphp', '0.1', '1381461132', '0');
INSERT INTO `onethink_addons` VALUES ('9', 'SocialComment', '通用社交化评论', '集成了各种社交化评论插件，轻松集成到系统中。', '1', '{\"comment_type\":\"1\",\"comment_uid_youyan\":\"\",\"comment_short_name_duoshuo\":\"\",\"comment_data_list_duoshuo\":\"\"}', 'thinkphp', '0.1', '1380273962', '0');

-- -----------------------------
-- Table structure for `onethink_attachment`
-- -----------------------------
DROP TABLE IF EXISTS `onethink_attachment`;
CREATE TABLE `onethink_attachment` (
  `id` int(10) unsigned NOT NULL AUTO_INCREMENT,
  `uid` int(10) unsigned NOT NULL DEFAULT '0' COMMENT '用户ID',
  `title` char(30) NOT NULL COMMENT '附件显示名',
  `type` tinyint(3) unsigned NOT NULL DEFAULT '0' COMMENT '附件类型（0-目录，1-外链，2-文件）',
  `source` int(10) unsigned NOT NULL DEFAULT '0' COMMENT '资源ID（0-目录， 大于0-当资源为文件时其值为file_id,当资源为外链时其值为link_id）',
  `record_id` int(10) unsigned NOT NULL DEFAULT '0' COMMENT '关联记录ID',
  `download` int(10) unsigned NOT NULL DEFAULT '0' COMMENT '下载次数',
  `size` bigint(20) unsigned NOT NULL DEFAULT '0' COMMENT '附件大小（当附件为目录或外链时，该值为0）',
  `dir` int(12) unsigned NOT NULL DEFAULT '0' COMMENT '上级目录ID（0-根目录）',
  `sort` int(8) unsigned NOT NULL DEFAULT '0' COMMENT '排序',
  `create_time` int(10) unsigned NOT NULL DEFAULT '0' COMMENT '创建时间',
  `update_time` int(11) unsigned NOT NULL DEFAULT '0' COMMENT '更新时间',
  `status` tinyint(1) NOT NULL DEFAULT '0' COMMENT '状态',
  PRIMARY KEY (`id`),
  KEY `idx_record_status` (`record_id`,`status`) USING BTREE
) ENGINE=MyISAM DEFAULT CHARSET=utf8 COMMENT='附件表\r\n@author   麦当苗儿\r\n@version  2013-06-19';


-- -----------------------------
-- Table structure for `onethink_auth_category_access`
-- -----------------------------
DROP TABLE IF EXISTS `onethink_auth_category_access`;
CREATE TABLE `onethink_auth_category_access` (
  `group_id` mediumint(10) unsigned NOT NULL COMMENT '用户id',
  `category_id` mediumint(8) unsigned NOT NULL COMMENT '栏目id',
  UNIQUE KEY `uid_group_id` (`group_id`,`category_id`),
  KEY `uid` (`group_id`),
  KEY `group_id` (`category_id`)
) ENGINE=MyISAM DEFAULT CHARSET=utf8 COMMENT='用户组与分类的对应关系表';

-- -----------------------------
-- Records of `onethink_auth_category_access`
-- -----------------------------
INSERT INTO `onethink_auth_category_access` VALUES ('1', '1');
INSERT INTO `onethink_auth_category_access` VALUES ('1', '2');
INSERT INTO `onethink_auth_category_access` VALUES ('1', '3');
INSERT INTO `onethink_auth_category_access` VALUES ('1', '4');

-- -----------------------------
-- Table structure for `onethink_auth_group`
-- -----------------------------
DROP TABLE IF EXISTS `onethink_auth_group`;
CREATE TABLE `onethink_auth_group` (
  `id` mediumint(8) unsigned NOT NULL AUTO_INCREMENT COMMENT '用户组id,自增主键',
  `module` varchar(20) NOT NULL COMMENT '用户组所属模块',
  `type` tinyint(4) NOT NULL COMMENT '组类型',
  `title` char(20) NOT NULL DEFAULT '' COMMENT '用户组中文名称',
  `description` varchar(80) NOT NULL DEFAULT '' COMMENT '描述信息',
  `status` tinyint(1) NOT NULL DEFAULT '1' COMMENT '用户组状态：为1正常，为0禁用,-1为删除',
  `rules` varchar(500) NOT NULL DEFAULT '' COMMENT '用户组拥有的规则id，多个规则 , 隔开',
  PRIMARY KEY (`id`)
) ENGINE=MyISAM AUTO_INCREMENT=2 DEFAULT CHARSET=utf8;

-- -----------------------------
-- Records of `onethink_auth_group`
-- -----------------------------
INSERT INTO `onethink_auth_group` VALUES ('1', 'admin', '1', '默认用户组', '', '1', '1,5,6,61,62,63,64,65,66,67,68,69,70,71,72,73,74');

-- -----------------------------
-- Table structure for `onethink_auth_group_access`
-- -----------------------------
DROP TABLE IF EXISTS `onethink_auth_group_access`;
CREATE TABLE `onethink_auth_group_access` (
  `uid` int(10) unsigned NOT NULL COMMENT '用户id',
  `group_id` mediumint(8) unsigned NOT NULL COMMENT '用户组id',
  UNIQUE KEY `uid_group_id` (`uid`,`group_id`),
  KEY `uid` (`uid`),
  KEY `group_id` (`group_id`)
) ENGINE=MyISAM DEFAULT CHARSET=utf8;


-- -----------------------------
-- Table structure for `onethink_auth_rule`
-- -----------------------------
DROP TABLE IF EXISTS `onethink_auth_rule`;
CREATE TABLE `onethink_auth_rule` (
  `id` mediumint(8) unsigned NOT NULL AUTO_INCREMENT COMMENT '规则id,自增主键',
  `module` varchar(20) NOT NULL COMMENT '规则所属module',
  `type` tinyint(2) NOT NULL DEFAULT '1' COMMENT '1-url;2-主菜单',
  `name` char(80) NOT NULL DEFAULT '' COMMENT '规则唯一英文标识',
  `title` char(20) NOT NULL DEFAULT '' COMMENT '规则中文描述',
  `status` tinyint(1) NOT NULL DEFAULT '1' COMMENT '是否有效(0:无效,1:有效)',
  `condition` varchar(300) NOT NULL DEFAULT '' COMMENT '规则附加条件',
  PRIMARY KEY (`id`),
  UNIQUE KEY `name` (`module`,`name`,`type`) USING BTREE
) ENGINE=MyISAM AUTO_INCREMENT=78 DEFAULT CHARSET=utf8;

-- -----------------------------
-- Records of `onethink_auth_rule`
-- -----------------------------
INSERT INTO `onethink_auth_rule` VALUES ('1', 'admin', '2', 'Admin/Index/index', '首页', '1', '');
INSERT INTO `onethink_auth_rule` VALUES ('2', 'admin', '2', 'Admin/Article/mydocument', '内容', '1', '');
INSERT INTO `onethink_auth_rule` VALUES ('3', 'admin', '2', 'Admin/User/index', '用户', '1', '');
INSERT INTO `onethink_auth_rule` VALUES ('4', 'admin', '2', 'Admin/Addons/index', '扩展', '1', '');
INSERT INTO `onethink_auth_rule` VALUES ('5', 'admin', '2', 'Admin/Config/group', '系统', '1', '');
INSERT INTO `onethink_auth_rule` VALUES ('6', 'admin', '1', 'Admin/Index/index', '管理首页', '1', '');
INSERT INTO `onethink_auth_rule` VALUES ('7', 'admin', '1', 'Admin/article/add', '新增', '1', '');
INSERT INTO `onethink_auth_rule` VALUES ('8', 'admin', '1', 'Admin/article/edit', '编辑', '1', '');
INSERT INTO `onethink_auth_rule` VALUES ('9', 'admin', '1', 'Admin/article/setStatus', '改变状态', '1', '');
INSERT INTO `onethink_auth_rule` VALUES ('10', 'admin', '1', 'Admin/article/update', '保存', '1', '');
INSERT INTO `onethink_auth_rule` VALUES ('11', 'admin', '1', 'Admin/article/autoSave', '保存草稿', '1', '');
INSERT INTO `onethink_auth_rule` VALUES ('12', 'admin', '1', 'Admin/article/move', '移动', '1', '');
INSERT INTO `onethink_auth_rule` VALUES ('13', 'admin', '1', 'Admin/article/copy', '复制', '1', '');
INSERT INTO `onethink_auth_rule` VALUES ('14', 'admin', '1', 'Admin/article/paste', '粘贴', '1', '');
INSERT INTO `onethink_auth_rule` VALUES ('15', 'admin', '1', 'Admin/article/permit', '还原', '1', '');
INSERT INTO `onethink_auth_rule` VALUES ('16', 'admin', '1', 'Admin/article/clear', '清空', '1', '');
INSERT INTO `onethink_auth_rule` VALUES ('17', 'admin', '1', 'Admin/article/index', '文档列表', '1', '');
INSERT INTO `onethink_auth_rule` VALUES ('18', 'admin', '1', 'Admin/article/recycle', '回收站', '1', '');
INSERT INTO `onethink_auth_rule` VALUES ('19', 'admin', '1', 'Admin/user/addAction', '新增用户行为', '1', '');
INSERT INTO `onethink_auth_rule` VALUES ('20', 'admin', '1', 'Admin/user/editAction', '编辑用户行为', '1', '');
INSERT INTO `onethink_auth_rule` VALUES ('21', 'admin', '1', 'Admin/user/saveAction', '保存用户行为', '1', '');
INSERT INTO `onethink_auth_rule` VALUES ('22', 'admin', '1', 'Admin/user/setStatus', '变更行为状态', '1', '');
INSERT INTO `onethink_auth_rule` VALUES ('23', 'admin', '1', 'Admin/user/changeStatus?method=forbidUser', '禁用会员', '1', '');
INSERT INTO `onethink_auth_rule` VALUES ('24', 'admin', '1', 'Admin/user/changeStatus?method=resumeUser', '启用会员', '1', '');
INSERT INTO `onethink_auth_rule` VALUES ('25', 'admin', '1', 'Admin/user/changeStatus?method=deleteUser', '删除会员', '1', '');
INSERT INTO `onethink_auth_rule` VALUES ('26', 'admin', '1', 'Admin/User/index', '用户信息', '1', '');
INSERT INTO `onethink_auth_rule` VALUES ('27', 'admin', '1', 'Admin/User/action', '用户行为', '1', '');
INSERT INTO `onethink_auth_rule` VALUES ('28', 'admin', '1', 'Admin/AuthManager/changeStatus?method=deleteGroup', '删除', '1', '');
INSERT INTO `onethink_auth_rule` VALUES ('29', 'admin', '1', 'Admin/AuthManager/changeStatus?method=forbidGroup', '禁用', '1', '');
INSERT INTO `onethink_auth_rule` VALUES ('30', 'admin', '1', 'Admin/AuthManager/changeStatus?method=resumeGroup', '恢复', '1', '');
INSERT INTO `onethink_auth_rule` VALUES ('31', 'admin', '1', 'Admin/AuthManager/createGroup', '新增', '1', '');
INSERT INTO `onethink_auth_rule` VALUES ('32', 'admin', '1', 'Admin/AuthManager/editGroup', '编辑', '1', '');
INSERT INTO `onethink_auth_rule` VALUES ('33', 'admin', '1', 'Admin/AuthManager/writeGroup', '保存用户组', '1', '');
INSERT INTO `onethink_auth_rule` VALUES ('34', 'admin', '1', 'Admin/AuthManager/group', '授权', '1', '');
INSERT INTO `onethink_auth_rule` VALUES ('35', 'admin', '1', 'Admin/AuthManager/access', '访问授权', '1', '');
INSERT INTO `onethink_auth_rule` VALUES ('36', 'admin', '1', 'Admin/AuthManager/user', '成员授权', '1', '');
INSERT INTO `onethink_auth_rule` VALUES ('37', 'admin', '1', 'Admin/AuthManager/removeFromGroup', '解除授权', '1', '');
INSERT INTO `onethink_auth_rule` VALUES ('38', 'admin', '1', 'Admin/AuthManager/addToGroup', '保存成员授权', '1', '');
INSERT INTO `onethink_auth_rule` VALUES ('39', 'admin', '1', 'Admin/AuthManager/category', '分类授权', '1', '');
INSERT INTO `onethink_auth_rule` VALUES ('40', 'admin', '1', 'Admin/AuthManager/addToCategory', '保存分类授权', '1', '');
INSERT INTO `onethink_auth_rule` VALUES ('41', 'admin', '1', 'Admin/AuthManager/index', '权限管理', '1', '');
INSERT INTO `onethink_auth_rule` VALUES ('42', 'admin', '1', 'Admin/Addons/create', '创建', '1', '');
INSERT INTO `onethink_auth_rule` VALUES ('43', 'admin', '1', 'Admin/Addons/checkForm', '检测创建', '1', '');
INSERT INTO `onethink_auth_rule` VALUES ('44', 'admin', '1', 'Admin/Addons/preview', '预览', '1', '');
INSERT INTO `onethink_auth_rule` VALUES ('45', 'admin', '1', 'Admin/Addons/build', '快速生成插件', '1', '');
INSERT INTO `onethink_auth_rule` VALUES ('46', 'admin', '1', 'Admin/Addons/config', '设置', '1', '');
INSERT INTO `onethink_auth_rule` VALUES ('47', 'admin', '1', 'Admin/Addons/disable', '禁用', '1', '');
INSERT INTO `onethink_auth_rule` VALUES ('48', 'admin', '1', 'Admin/Addons/enable', '启用', '1', '');
INSERT INTO `onethink_auth_rule` VALUES ('49', 'admin', '1', 'Admin/Addons/install', '安装', '1', '');
INSERT INTO `onethink_auth_rule` VALUES ('50', 'admin', '1', 'Admin/Addons/uninstall', '卸载', '1', '');
INSERT INTO `onethink_auth_rule` VALUES ('51', 'admin', '1', 'Admin/Addons/saveconfig', '更新配置', '1', '');
INSERT INTO `onethink_auth_rule` VALUES ('52', 'admin', '1', 'Admin/Addons/adminList', '插件后台列表', '1', '');
INSERT INTO `onethink_auth_rule` VALUES ('53', 'admin', '1', 'Admin/Addons/execute', 'URL方式访问插件', '1', '');
INSERT INTO `onethink_auth_rule` VALUES ('54', 'admin', '1', 'Admin/Addons/index', '插件管理', '1', '');
INSERT INTO `onethink_auth_rule` VALUES ('55', 'admin', '1', 'Admin/Addons/hooks', '钩子管理', '1', '');
INSERT INTO `onethink_auth_rule` VALUES ('56', 'admin', '1', 'Admin/model/add', '新增', '1', '');
INSERT INTO `onethink_auth_rule` VALUES ('57', 'admin', '1', 'Admin/model/edit', '编辑', '1', '');
INSERT INTO `onethink_auth_rule` VALUES ('58', 'admin', '1', 'Admin/model/setStatus', '改变状态', '1', '');
INSERT INTO `onethink_auth_rule` VALUES ('59', 'admin', '1', 'Admin/model/update', '保存数据', '1', '');
INSERT INTO `onethink_auth_rule` VALUES ('60', 'admin', '1', 'Admin/Model/index', '模型管理', '1', '');
INSERT INTO `onethink_auth_rule` VALUES ('61', 'admin', '1', 'Admin/Config/edit', '编辑', '1', '');
INSERT INTO `onethink_auth_rule` VALUES ('62', 'admin', '1', 'Admin/Config/del', '删除', '1', '');
INSERT INTO `onethink_auth_rule` VALUES ('63', 'admin', '1', 'Admin/Config/add', '新增', '1', '');
INSERT INTO `onethink_auth_rule` VALUES ('64', 'admin', '1', 'Admin/Config/save', '保存', '1', '');
INSERT INTO `onethink_auth_rule` VALUES ('65', 'admin', '1', 'Admin/Config/group', '网站设置', '1', '');
INSERT INTO `onethink_auth_rule` VALUES ('66', 'admin', '1', 'Admin/Config/index', '配置管理', '1', '');
INSERT INTO `onethink_auth_rule` VALUES ('67', 'admin', '1', 'Admin/Channel/add', '新增', '1', '');
INSERT INTO `onethink_auth_rule` VALUES ('68', 'admin', '1', 'Admin/Channel/edit', '编辑', '1', '');
INSERT INTO `onethink_auth_rule` VALUES ('69', 'admin', '1', 'Admin/Channel/del', '删除', '1', '');
INSERT INTO `onethink_auth_rule` VALUES ('70', 'admin', '1', 'Admin/Channel/index', '导航管理', '1', '');
INSERT INTO `onethink_auth_rule` VALUES ('71', 'admin', '1', 'Admin/Category/edit', '编辑', '1', '');
INSERT INTO `onethink_auth_rule` VALUES ('72', 'admin', '1', 'Admin/Category/add', '新增', '1', '');
INSERT INTO `onethink_auth_rule` VALUES ('73', 'admin', '1', 'Admin/Category/remove', '删除', '1', '');
INSERT INTO `onethink_auth_rule` VALUES ('74', 'admin', '1', 'Admin/Category/index', '分类管理', '1', '');
INSERT INTO `onethink_auth_rule` VALUES ('75', 'admin', '1', 'Admin/file/upload', '上传控件', '1', '');
INSERT INTO `onethink_auth_rule` VALUES ('76', 'admin', '1', 'Admin/file/uploadPicture', '上传图片', '1', '');
INSERT INTO `onethink_auth_rule` VALUES ('77', 'admin', '1', 'Admin/file/download', '下载', '1', '');

-- -----------------------------
-- Table structure for `onethink_category`
-- -----------------------------
DROP TABLE IF EXISTS `onethink_category`;
CREATE TABLE `onethink_category` (
  `id` int(10) unsigned NOT NULL AUTO_INCREMENT COMMENT '分类ID',
  `name` varchar(30) NOT NULL COMMENT 'ʶ',
  `title` varchar(50) NOT NULL COMMENT '标题',
  `pid` int(10) unsigned NOT NULL DEFAULT '0' COMMENT '上级分类ID',
  `sort` int(10) unsigned NOT NULL DEFAULT '0' COMMENT '排序（同级有效）',
  `list_row` tinyint(3) unsigned NOT NULL COMMENT '列表每页行数',
  `meta_title` varchar(50) NOT NULL DEFAULT '' COMMENT 'SEO的网页标题',
  `keywords` varchar(255) NOT NULL COMMENT '关键字',
  `description` varchar(255) NOT NULL COMMENT '描述',
  `template_index` varchar(100) NOT NULL COMMENT '频道页模板',
  `template_lists` varchar(100) NOT NULL COMMENT '列表页模板',
  `template_detail` varchar(100) NOT NULL COMMENT '详情页模板',
  `template_edit` varchar(100) NOT NULL COMMENT '编辑页模板',
  `model` varchar(100) NOT NULL COMMENT '关联模型',
  `type` varchar(100) NOT NULL COMMENT '允许发布的内容类型',
  `link_id` int(10) unsigned NOT NULL DEFAULT '0' COMMENT '外链（0-非外链，大于0-外链ID）',
  `allow_publish` tinyint(3) unsigned NOT NULL DEFAULT '0' COMMENT '是否允许发布内容（0-不允许，1-允许）',
  `display` tinyint(3) unsigned NOT NULL DEFAULT '0' COMMENT '可见性（0-所有人可见，1-管理员可见，2-不可见）',
  `reply` tinyint(3) unsigned NOT NULL DEFAULT '0' COMMENT '是否允许回复',
  `check` tinyint(3) unsigned NOT NULL DEFAULT '0' COMMENT '发布的文章是否需要审核（0：不需要，1：需要）',
  `reply_model` varchar(100) NOT NULL,
  `extend` text NOT NULL COMMENT '扩展设置（JSON数据）',
  `create_time` int(10) unsigned NOT NULL DEFAULT '0' COMMENT '创建时间',
  `update_time` int(10) unsigned NOT NULL DEFAULT '0' COMMENT '更新时间',
  `status` tinyint(4) NOT NULL DEFAULT '0' COMMENT '数据状态（-1-删除，0-禁用，1-正常，2-待审核）',
  PRIMARY KEY (`id`),
  UNIQUE KEY `uk_name` (`name`) USING BTREE
) ENGINE=MyISAM AUTO_INCREMENT=14 DEFAULT CHARSET=utf8 COMMENT='分类表\r\n@author   麦当苗儿\r\n@version  2013-05-21';

-- -----------------------------
-- Records of `onethink_category`
-- -----------------------------
INSERT INTO `onethink_category` VALUES ('1', 'blog', '博客', '0', '0', '10', '', '', '', '', '', '', '', '1,2', '2', '0', '0', '1', '0', '0', '1', '', '1379474947', '1380432174', '1');
INSERT INTO `onethink_category` VALUES ('2', 'default_blog', '默认分类', '1', '0', '10', '', '', '', '', '', '', '', '1,2', '2,1', '0', '1', '1', '0', '1', '1', '', '1379475028', '1380446430', '1');
INSERT INTO `onethink_category` VALUES ('3', 'topic', '讨论', '0', '0', '10', '', '', '', 'Article/index_topic', 'Article/lists_topic', 'Article/Article/detail_topic', '', '1,2', '2', '0', '0', '1', '0', '0', '1', '', '1379475049', '1379483786', '1');
INSERT INTO `onethink_category` VALUES ('4', 'default_topic', '默认分类', '3', '0', '10', '', '', '', '', 'Article/lists_topic', 'Article/Article/detail_topic', '', '1,2', '2', '0', '1', '1', '1', '1', '1', '', '1379475068', '1380447887', '1');
INSERT INTO `onethink_category` VALUES ('12', 'test', '测试', '2', '0', '10', '', '', '', '', '', '', '', '1', '2', '0', '1', '1', '0', '0', '1', '', '1381307124', '1381307124', '1');
INSERT INTO `onethink_category` VALUES ('13', 'test2', '测试2', '12', '0', '10', '', '', '', '', '', '', '', '1', '2', '0', '1', '1', '0', '0', '1', '', '1381307136', '1381307136', '1');

-- -----------------------------
-- Table structure for `onethink_channel`
-- -----------------------------
DROP TABLE IF EXISTS `onethink_channel`;
CREATE TABLE `onethink_channel` (
  `id` int(10) unsigned NOT NULL AUTO_INCREMENT COMMENT '频道ID',
  `pid` int(10) unsigned NOT NULL DEFAULT '0' COMMENT '上级频道ID',
  `title` char(30) NOT NULL COMMENT '频道标题',
  `url` char(100) NOT NULL COMMENT '频道连接',
  `sort` int(10) unsigned NOT NULL DEFAULT '0' COMMENT '导航排序',
  `create_time` int(10) unsigned NOT NULL DEFAULT '0' COMMENT '创建时间',
  `update_time` int(10) unsigned NOT NULL DEFAULT '0' COMMENT '更新时间',
  `status` tinyint(4) NOT NULL DEFAULT '0' COMMENT '状态',
  PRIMARY KEY (`id`)
) ENGINE=MyISAM AUTO_INCREMENT=9 DEFAULT CHARSET=utf8;

-- -----------------------------
-- Records of `onethink_channel`
-- -----------------------------
INSERT INTO `onethink_channel` VALUES ('1', '0', '首页', 'Index/index', '2', '1379475111', '1379923177', '1');
INSERT INTO `onethink_channel` VALUES ('2', '0', '博客', 'Article/index?category=blog', '0', '1379475131', '1379483713', '1');
INSERT INTO `onethink_channel` VALUES ('3', '0', '讨论', 'Article/index?category=topic', '0', '1379475154', '1379483726', '1');

-- -----------------------------
-- Table structure for `onethink_config`
-- -----------------------------
DROP TABLE IF EXISTS `onethink_config`;
CREATE TABLE `onethink_config` (
  `id` int(10) unsigned NOT NULL AUTO_INCREMENT COMMENT '配置ID',
  `name` varchar(30) NOT NULL COMMENT '配置名称',
  `type` tinyint(3) unsigned NOT NULL DEFAULT '0' COMMENT '配置类型（0-数字，1-字符，2-文本，3-数组，4-枚举，5-多选）',
  `title` varchar(50) NOT NULL COMMENT '配置说明',
  `group` tinyint(3) unsigned NOT NULL DEFAULT '0' COMMENT '配置分组（0-无分组，1-基本设置）',
  `extra` varchar(255) NOT NULL COMMENT '配置值',
  `remark` varchar(100) NOT NULL COMMENT '配置说明',
  `create_time` int(10) unsigned NOT NULL DEFAULT '0' COMMENT '创建时间',
  `update_time` int(10) unsigned NOT NULL DEFAULT '0' COMMENT '更新时间',
  `status` tinyint(4) NOT NULL DEFAULT '0' COMMENT '状态',
  `value` text NOT NULL,
  `sort` smallint(3) unsigned NOT NULL,
  PRIMARY KEY (`id`),
  UNIQUE KEY `uk_name` (`name`) USING BTREE
) ENGINE=MyISAM AUTO_INCREMENT=28 DEFAULT CHARSET=utf8;

-- -----------------------------
-- Records of `onethink_config`
-- -----------------------------
INSERT INTO `onethink_config` VALUES ('1', 'WEB_SITE_TITLE', '1', '网站标题', '0', '', '网站标题前台显示标题', '1378898976', '1379235274', '1', 'OneThink内容管理框架', '0');
INSERT INTO `onethink_config` VALUES ('2', 'WEB_SITE_DESCRIPTION', '2', '网站描述', '0', '', '网站搜索引擎描述', '1378898976', '1379235841', '1', 'OneThink内容管理框架', '1');
INSERT INTO `onethink_config` VALUES ('3', 'WEB_SITE_KEYWORD', '2', '网站关键字', '0', '', '网站搜索引擎关键字', '1378898976', '1381390100', '1', 'ThinkPHP,OneThink', '3');
INSERT INTO `onethink_config` VALUES ('4', 'WEB_SITE_CLOSE', '4', '关闭站点', '0', '0:关闭,1:开启', '站点关闭后其他用户不能访问，管理员可以正常访问', '1378898976', '1379235296', '1', '1', '0');
INSERT INTO `onethink_config` VALUES ('9', 'CONFIG_TYPE_LIST', '3', '配置类型列表', '3', '', '主要用于数据解析和页面表单的生成', '1378898976', '1379235348', '1', '0:数字\r\n1:字符\r\n2:文本\r\n3:数组\r\n4:枚举', '0');
INSERT INTO `onethink_config` VALUES ('10', 'WEB_SITE_ICP', '1', '网站备案号', '0', '', '设置在网站底部显示的备案号，如“沪ICP备12007941号-2', '1378900335', '1379235859', '1', '', '4');
INSERT INTO `onethink_config` VALUES ('11', 'DOCUMENT_POSITION', '3', '文档推荐位', '1', '', '文档推荐位，推荐到多个位置KEY值相加即可', '1379053380', '1379235329', '1', '1:列表页推荐\r\n2:频道页推荐\r\n4:网站首页推荐', '0');
INSERT INTO `onethink_config` VALUES ('12', 'DOCUMENT_DISPLAY', '3', '文档可见性', '1', '', '文章可见性仅影响前台显示，后台不收影响', '1379056370', '1379235322', '1', '0:所有人可见\r\n1:仅注册会员可见\r\n2:仅管理员可见', '0');
INSERT INTO `onethink_config` VALUES ('13', 'COLOR_STYLE', '4', '后台色系', '0', 'default_color:默认\r\nblue_color:紫罗兰', '后台颜色风格', '1379122533', '1379235904', '1', 'default_color', '5');
INSERT INTO `onethink_config` VALUES ('20', 'CONFIG_GROUP_LIST', '3', '配置分组', '3', '', '配置分组', '1379228036', '1379312862', '1', '0:基本\r\n1:内容\r\n2:用户\r\n3:系统', '0');
INSERT INTO `onethink_config` VALUES ('21', 'HOOKS_TYPE', '3', '钩子的类型', '3', '', '类型 1-用于扩展显示内容，2-用于扩展业务处理', '1379313397', '1379313407', '1', '1:视图\r\n2:控制器', '0');
INSERT INTO `onethink_config` VALUES ('22', 'AUTH_CONFIG', '3', 'Auth配置', '3', '', '自定义Auth.class.php类配置', '1379409310', '1379409564', '1', 'AUTH_ON:1\r\nAUTH_TYPE:2', '0');
INSERT INTO `onethink_config` VALUES ('23', 'OPEN_DRAFTBOX', '4', '是否开启草稿功能', '1', '0:关闭草稿功能\r\n1:开启草稿功能\r\n', '新增文章时的草稿功能配置', '1379484332', '1379484591', '1', '1', '0');
INSERT INTO `onethink_config` VALUES ('24', 'AOTUSAVE_DRAFT', '0', '自动保存草稿时间', '1', '', '自动保存草稿的时间间隔，单位：秒', '1379484574', '1379484574', '1', '60', '0');
INSERT INTO `onethink_config` VALUES ('25', 'LIST_ROWS', '0', '后台每页记录数', '1', '', '后台数据每页显示记录数', '1379503896', '1380427745', '1', '10', '5');
INSERT INTO `onethink_config` VALUES ('26', 'USER_ALLOW_REGISTER', '4', '是否允许用户注册', '2', '0:关闭注册\r\n1:允许注册', '是否开放用户注册', '1379504487', '1379504580', '1', '1', '0');
INSERT INTO `onethink_config` VALUES ('27', 'CODEMIRROR_THEME', '4', '预览插件的CodeMirror主题', '3', '3024-day:3024 day\r\n3024-night:3024 night\r\nambiance:ambiance\r\nbase16-dark:base16 dark\r\nbase16-light:base16 light\r\nblackboard:blackboard\r\ncobalt:cobalt\r\neclipse:eclipse\r\nelegant:elegant\r\nerlang-dark:erlang-dark\r\nlesser-dark:lesser-dark\r\nmidnight:midnight', '详情见CodeMirror官网', '1379814385', '1380440451', '1', '3024-day', '0');

-- -----------------------------
-- Table structure for `onethink_document`
-- -----------------------------
DROP TABLE IF EXISTS `onethink_document`;
CREATE TABLE `onethink_document` (
  `id` int(10) unsigned NOT NULL AUTO_INCREMENT COMMENT '文档ID',
  `uid` int(10) unsigned NOT NULL DEFAULT '0' COMMENT '用户ID',
  `name` char(40) NOT NULL COMMENT '标识',
  `title` char(80) NOT NULL COMMENT '标题',
  `category_id` int(10) unsigned NOT NULL COMMENT '所属分类',
  `description` char(140) NOT NULL COMMENT '描述',
  `pid` int(10) unsigned NOT NULL DEFAULT '0' COMMENT '所属ID',
  `model_id` tinyint(3) unsigned NOT NULL DEFAULT '0' COMMENT '内容模型ID',
  `type` tinyint(3) unsigned NOT NULL DEFAULT '0' COMMENT '内容类型（1-目录，2-主题，3-段落）',
  `position` smallint(5) unsigned NOT NULL DEFAULT '0' COMMENT '推荐位(1-列表推荐，2-频道页推荐，4-首页推荐，[同时推荐多个地方相加即可]）',
  `link_id` int(10) unsigned NOT NULL DEFAULT '0' COMMENT '外链（0-非外链，大于0-外链ID）',
  `cover_id` int(10) unsigned NOT NULL DEFAULT '0' COMMENT '封面（0-无封面，大于0-封面图片ID）',
  `display` tinyint(3) unsigned NOT NULL DEFAULT '0' COMMENT '可见性（0-不可见，1-所有人可见）',
  `dateline` int(10) unsigned NOT NULL DEFAULT '0' COMMENT '截至时间（0-永久有效）',
  `attach` tinyint(3) unsigned NOT NULL DEFAULT '0' COMMENT '附件数量',
  `view` int(10) unsigned NOT NULL DEFAULT '0' COMMENT '浏览量',
  `comment` int(10) unsigned NOT NULL DEFAULT '0' COMMENT '评论数',
  `extend` int(10) unsigned NOT NULL DEFAULT '0' COMMENT '扩展统计字段，根据需求自行使用',
  `level` int(10) unsigned NOT NULL DEFAULT '0' COMMENT '优先级（越高排序越靠前）',
  `create_time` int(10) unsigned NOT NULL DEFAULT '0' COMMENT '创建时间',
  `update_time` int(10) unsigned NOT NULL DEFAULT '0' COMMENT '更新时间',
  `status` tinyint(4) NOT NULL DEFAULT '0' COMMENT '数据状态（-1-删除，0-禁用，1-正常，2-待审核，3-草稿）',
  PRIMARY KEY (`id`),
  KEY `idx_name` (`name`) USING BTREE,
  KEY `idx_category_status` (`category_id`,`status`) USING BTREE,
  KEY `idx_status_type_pid` (`status`,`type`,`pid`) USING BTREE
) ENGINE=MyISAM AUTO_INCREMENT=49 DEFAULT CHARSET=utf8 COMMENT='文档模型基础表\r\n@author   麦当苗儿\r\n@version  2013-05-21';

-- -----------------------------
-- Records of `onethink_document`
-- -----------------------------
INSERT INTO `onethink_document` VALUES ('41', '1', 'sdafs1', '中   间', '2', '', '34', '1', '1', '0', '0', '0', '0', '0', '0', '0', '0', '0', '0', '1381393212', '1381393212', '1');
INSERT INTO `onethink_document` VALUES ('40', '1', 'sfsf1', '开头', '2', '', '34', '1', '1', '0', '0', '0', '0', '0', '0', '0', '0', '0', '0', '1381393212', '1381393212', '1');
INSERT INTO `onethink_document` VALUES ('39', '1', 'dfsdf', '结尾', '2', '', '34', '1', '1', '0', '0', '0', '0', '0', '0', '0', '0', '0', '0', '1381392529', '1381392529', '1');
INSERT INTO `onethink_document` VALUES ('38', '1', 'sdafs', '中   间', '2', '', '34', '1', '1', '0', '0', '0', '0', '0', '0', '0', '0', '0', '0', '1381392529', '1381392529', '1');
INSERT INTO `onethink_document` VALUES ('37', '1', 'sfsf', '开头', '2', '', '34', '1', '1', '0', '0', '0', '0', '0', '0', '0', '0', '0', '0', '1381392529', '1381392529', '1');
INSERT INTO `onethink_document` VALUES ('36', '1', 'a3', '目录3', '2', '', '0', '1', '1', '0', '0', '0', '0', '0', '0', '0', '0', '0', '0', '1381392327', '1381392327', '1');
INSERT INTO `onethink_document` VALUES ('35', '1', 'a2', '目录2', '2', '', '0', '1', '1', '0', '0', '0', '0', '0', '0', '0', '0', '0', '0', '1381392327', '1381392327', '1');
INSERT INTO `onethink_document` VALUES ('34', '1', 'a1', '目录1', '2', '', '0', '1', '1', '0', '0', '0', '0', '0', '0', '0', '0', '0', '0', '1381392327', '1381392327', '1');
INSERT INTO `onethink_document` VALUES ('25', '1', '', '发非法', '2', '', '0', '1', '2', '0', '0', '0', '0', '0', '0', '0', '0', '0', '0', '1381393180', '1381393180', '3');
INSERT INTO `onethink_document` VALUES ('18', '1', '', '123', '4', '', '0', '1', '2', '0', '0', '0', '0', '0', '0', '0', '0', '0', '0', '1381224527', '1381224527', '1');
INSERT INTO `onethink_document` VALUES ('42', '1', 'dfsd1f', '结尾', '2', '', '34', '1', '1', '0', '0', '0', '0', '0', '0', '0', '0', '0', '0', '1381393212', '1381393212', '1');
INSERT INTO `onethink_document` VALUES ('48', '1', 'aa1', 'asdas', '2', '', '0', '1', '1', '0', '0', '0', '0', '0', '0', '0', '0', '0', '0', '1381398223', '1381398223', '1');
INSERT INTO `onethink_document` VALUES ('47', '1', 'aa2', 'fsfsdf', '2', '', '0', '1', '1', '0', '0', '0', '0', '0', '0', '0', '0', '0', '0', '1381398223', '1381398223', '1');
INSERT INTO `onethink_document` VALUES ('46', '1', 'aa3', 'sfsdfsd', '2', '', '0', '1', '1', '0', '0', '0', '0', '0', '0', '0', '0', '0', '0', '1381398223', '1381398223', '1');

-- -----------------------------
-- Table structure for `onethink_document_model`
-- -----------------------------
DROP TABLE IF EXISTS `onethink_document_model`;
CREATE TABLE `onethink_document_model` (
  `id` int(10) unsigned NOT NULL AUTO_INCREMENT COMMENT '模型ID',
  `name` char(16) NOT NULL COMMENT '模型标识',
  `title` char(16) NOT NULL COMMENT '模型名称',
  `fields` text NOT NULL COMMENT '字段在表单里的排序',
  `create_time` int(10) unsigned NOT NULL DEFAULT '0' COMMENT '创建时间',
  `update_time` int(10) unsigned NOT NULL DEFAULT '0' COMMENT '更新时间',
  `status` tinyint(3) unsigned NOT NULL DEFAULT '0' COMMENT '状态',
  PRIMARY KEY (`id`)
) ENGINE=MyISAM AUTO_INCREMENT=11 DEFAULT CHARSET=utf8 COMMENT='文档模型表\r\n@author   麦当苗儿\r\n@version  2013-06-19';

-- -----------------------------
-- Records of `onethink_document_model`
-- -----------------------------
INSERT INTO `onethink_document_model` VALUES ('1', 'Article', '文章', '{\"title\":1,\"name\":2,\"content\":3,\"type\":4,\"uid\":5,\"category_id\":6,\"model_id\":7,\"status\":8,\"parse\":-1,\"pid\":-2,\"display\":-3,\"dateline\":-4,\"view\":-5,\"level\":-6,\"update_time\":-7,\"create_time\":-8,\"extend\":-9,\"comment\":-10,\"attach\":-11,\"description\":-12,\"id\":-13,\"template\":-14,\"cover_id\":-15,\"position\":-16,\"link_id\":-17}', '0', '1380435093', '1');
INSERT INTO `onethink_document_model` VALUES ('2', 'Download', '下载', '', '0', '0', '1');

-- -----------------------------
-- Table structure for `onethink_document_model_article`
-- -----------------------------
DROP TABLE IF EXISTS `onethink_document_model_article`;
CREATE TABLE `onethink_document_model_article` (
  `id` int(10) unsigned NOT NULL DEFAULT '0' COMMENT '文档ID',
  `parse` tinyint(3) unsigned NOT NULL DEFAULT '0' COMMENT '内容解析类型（0-html,1-ubb,2-markdown）',
  `content` text NOT NULL COMMENT '文章内容',
  `template` varchar(100) NOT NULL COMMENT '详情页显示模板',
  PRIMARY KEY (`id`)
) ENGINE=MyISAM DEFAULT CHARSET=utf8 COMMENT='文档模型文章表\r\n@author   麦当苗儿\r\n@version  2013-05-24';

-- -----------------------------
-- Records of `onethink_document_model_article`
-- -----------------------------
INSERT INTO `onethink_document_model_article` VALUES ('1', '0', '感谢大家使用OneThink！\r\nOneThink对我来说是一个比ThinkPHP更有意义的产品，因为她能让开发者和最终用户都能受益。作为一个开源产品，希望大家都能参与进来为OneThink添砖加瓦，OneThink团队一直都在致力于让OneThink更加优秀。现在，感谢您也参与其中。', '');
INSERT INTO `onethink_document_model_article` VALUES ('2', '0', '这是一个默认主题，OneThink发布了！<br />\r\n<br />\r\n<span style=\"color:#323232;font-family:\'Century Gothic\', \'Microsoft yahei\';font-size:16px;line-height:28px;background-color:#FFFFFF;\">1、OneThink采用ThinkPHP3.2RC1版本开发 需要PHP5.3+；</span><br />\r\n<span style=\"color:#323232;font-family:\'Century Gothic\', \'Microsoft yahei\';font-size:16px;line-height:28px;background-color:#FFFFFF;\">2、OneThink和ThinkPHP是两个不同的体系 包括网站和支持；</span><br />\r\n<span style=\"color:#323232;font-family:\'Century Gothic\', \'Microsoft yahei\';font-size:16px;line-height:28px;background-color:#FFFFFF;\">3、OneThink的定位是内容管理框架CMF（不是CMS，虽然看起来似乎有点像CMS），理论上可以实现（或者通过二次开发）任何应用；</span><br />\r\n<span style=\"color:#323232;font-family:\'Century Gothic\', \'Microsoft yahei\';font-size:16px;line-height:28px;background-color:#FFFFFF;\">4、OneThink对开发者来说会很灵活，对最终站长来说，我们陆续也会有成熟的应用模块；</span><br />\r\n<span style=\"color:#323232;font-family:\'Century Gothic\', \'Microsoft yahei\';font-size:16px;line-height:28px;background-color:#FFFFFF;\">5、OneThink的授权仍会是开源并且免费的，我们希望更多的人可以参与进来；</span><br />\r\n<br />\r\n<b><span>可以说OneThink是ThinkPHP的传承和新的传奇，我们希望OneThink是一个很简单却又强大和有内涵的产品，所以请不要和任何的CMS系统去做比较，也不现实，我们不走寻常路。</span></b><br />', '');
INSERT INTO `onethink_document_model_article` VALUES ('3', '0', '可以说OneThink是ThinkPHP的传承和新的传奇，我们希望OneThink是一个很简单却又强大和有内涵的产品，所以请不要和任何的CMS系统去做比较，也不现实，我们不走寻常路。', '');
INSERT INTO `onethink_document_model_article` VALUES ('4', '0', ' 可以说OneThink是ThinkPHP的传承和新的传奇，我们希望OneThink是一个很简单却又强大和有内涵的产品，所以请不要和任何的CMS系统去做比较，也不现实，我们不走寻常路。', '');
INSERT INTO `onethink_document_model_article` VALUES ('5', '0', ' 可以说OneThink是ThinkPHP的传承和新的传奇，我们希望OneThink是一个很简单却又强大和有内涵的产品，所以请不要和任何的CMS系统去做比较，也不现实，我们不走寻常路。', '');
INSERT INTO `onethink_document_model_article` VALUES ('6', '0', ' 可以说OneThink是ThinkPHP的传承和新的传奇，我们希望OneThink是一个很简单却又强大和有内涵的产品，所以请不要和任何的CMS系统去做比较，也不现实，我们不走寻常路。', '');
INSERT INTO `onethink_document_model_article` VALUES ('7', '0', 'dfasdfasdfasdf', '');
INSERT INTO `onethink_document_model_article` VALUES ('8', '0', ' 啊撒旦发射点法', '');
INSERT INTO `onethink_document_model_article` VALUES ('9', '0', ' 123123', '');
INSERT INTO `onethink_document_model_article` VALUES ('10', '0', 'aaaaa', '');
INSERT INTO `onethink_document_model_article` VALUES ('11', '0', ' asdfasdf', '');
INSERT INTO `onethink_document_model_article` VALUES ('13', '0', '侧四十四', '');
INSERT INTO `onethink_document_model_article` VALUES ('17', '0', '试试', '');
INSERT INTO `onethink_document_model_article` VALUES ('18', '0', '才', '');
INSERT INTO `onethink_document_model_article` VALUES ('46', '0', '', '');
INSERT INTO `onethink_document_model_article` VALUES ('25', '0', '飞', '');
INSERT INTO `onethink_document_model_article` VALUES ('34', '0', '', '');
INSERT INTO `onethink_document_model_article` VALUES ('35', '0', ' ', '');
INSERT INTO `onethink_document_model_article` VALUES ('36', '0', ' ', '');
INSERT INTO `onethink_document_model_article` VALUES ('37', '0', '', '');
INSERT INTO `onethink_document_model_article` VALUES ('38', '0', ' ', '');
INSERT INTO `onethink_document_model_article` VALUES ('39', '0', ' ', '');
INSERT INTO `onethink_document_model_article` VALUES ('40', '0', '', '');
INSERT INTO `onethink_document_model_article` VALUES ('41', '0', ' ', '');
INSERT INTO `onethink_document_model_article` VALUES ('42', '0', ' ', '');
INSERT INTO `onethink_document_model_article` VALUES ('47', '0', ' ', '');
INSERT INTO `onethink_document_model_article` VALUES ('48', '0', ' ', '');

-- -----------------------------
-- Table structure for `onethink_document_model_download`
-- -----------------------------
DROP TABLE IF EXISTS `onethink_document_model_download`;
CREATE TABLE `onethink_document_model_download` (
  `id` int(10) unsigned NOT NULL DEFAULT '0' COMMENT '文档ID',
  `parse` tinyint(3) unsigned NOT NULL DEFAULT '0' COMMENT '内容解析类型（0-html,1-ubb,2-markdown）',
  `content` text NOT NULL COMMENT '下载详细描述',
  `template` varchar(100) NOT NULL COMMENT '详情页显示模板',
  `file_id` int(10) unsigned NOT NULL DEFAULT '0' COMMENT '文件ID',
  `download` int(10) unsigned NOT NULL DEFAULT '0' COMMENT '下载次数',
  `size` bigint(20) unsigned NOT NULL DEFAULT '0' COMMENT '文件大小',
  PRIMARY KEY (`id`)
) ENGINE=MyISAM DEFAULT CHARSET=utf8 COMMENT='文档模型下载表\r\n@author   麦当苗儿\r\n@version  2013-05-24';


-- -----------------------------
-- Table structure for `onethink_file`
-- -----------------------------
DROP TABLE IF EXISTS `onethink_file`;
CREATE TABLE `onethink_file` (
  `id` int(10) unsigned NOT NULL AUTO_INCREMENT COMMENT '文件ID',
  `name` char(30) NOT NULL COMMENT '原始文件名',
  `savename` char(20) NOT NULL COMMENT '保存名称',
  `savepath` char(30) NOT NULL COMMENT '文件保存路径',
  `ext` char(5) NOT NULL COMMENT '文件后缀',
  `mime` char(40) NOT NULL COMMENT '文件mime类型',
  `size` int(10) unsigned NOT NULL DEFAULT '0' COMMENT '文件大小',
  `md5` char(32) NOT NULL COMMENT '文件md5',
  `sha1` char(40) NOT NULL COMMENT '文件 sha1编码',
  `location` tinyint(3) unsigned NOT NULL DEFAULT '0' COMMENT '文件保存位置（0-本地，1-FTP）',
  `create_time` int(10) unsigned NOT NULL COMMENT '上传时间',
  PRIMARY KEY (`id`),
  UNIQUE KEY `uk_md5` (`md5`) USING BTREE
) ENGINE=MyISAM DEFAULT CHARSET=utf8 COMMENT='文件表\r\n@author   麦当苗儿\r\n@version  2013-05-21';


-- -----------------------------
-- Table structure for `onethink_hooks`
-- -----------------------------
DROP TABLE IF EXISTS `onethink_hooks`;
CREATE TABLE `onethink_hooks` (
  `id` int(10) unsigned NOT NULL AUTO_INCREMENT COMMENT '主键',
  `name` varchar(40) NOT NULL COMMENT '钩子名称',
  `description` text COMMENT '描述',
  `type` tinyint(1) unsigned NOT NULL DEFAULT '1' COMMENT '1-Controller 2-Widget',
  `update_time` int(10) unsigned DEFAULT '0' COMMENT '更新时间',
  `addons` varchar(255) DEFAULT NULL COMMENT '钩子挂载的插件 ''，''分割',
  PRIMARY KEY (`id`),
  UNIQUE KEY `搜索索引` (`name`)
) ENGINE=MyISAM AUTO_INCREMENT=16 DEFAULT CHARSET=utf8;

-- -----------------------------
-- Records of `onethink_hooks`
-- -----------------------------
INSERT INTO `onethink_hooks` VALUES ('1', 'pageHeader', '页面header钩子，一般用于加载插件CSS文件和代码', '1', '0', '');
INSERT INTO `onethink_hooks` VALUES ('2', 'pageFooter', '页面footer钩子，一般用于加载插件JS文件和JS代码', '1', '0', 'ReturnTop');
INSERT INTO `onethink_hooks` VALUES ('3', 'documentEditForm', '添加编辑表单的 扩展内容钩子', '1', '0', 'Attachment');
INSERT INTO `onethink_hooks` VALUES ('4', 'documentDetailAfter', '文档末尾显示', '1', '0', 'Attachment,SocialComment');
INSERT INTO `onethink_hooks` VALUES ('5', 'documentDetailBefore', '页面内容前显示用钩子', '1', '0', '');
INSERT INTO `onethink_hooks` VALUES ('6', 'documentSaveComplete', '保存文档数据后的扩展钩子', '2', '0', 'Attachment');
INSERT INTO `onethink_hooks` VALUES ('7', 'documentEditFormContent', '添加编辑表单的内容显示钩子', '1', '0', 'Editor');
INSERT INTO `onethink_hooks` VALUES ('8', 'adminArticleEdit', '后台内容编辑页编辑器', '1', '1378982734', 'EditorForAdmin');
INSERT INTO `onethink_hooks` VALUES ('13', 'AdminIndex', '首页小格子个性化显示', '1', '1379990203', 'SiteStat,DevTeam,SystemInfo');
INSERT INTO `onethink_hooks` VALUES ('14', 'topicComment', '评论提交方式扩展钩子。', '1', '1380163518', 'Editor');

-- -----------------------------
-- Table structure for `onethink_member`
-- -----------------------------
DROP TABLE IF EXISTS `onethink_member`;
CREATE TABLE `onethink_member` (
  `uid` int(10) unsigned NOT NULL DEFAULT '0' COMMENT '用户ID',
  `nickname` char(16) NOT NULL COMMENT '昵称',
  `sex` tinyint(3) unsigned NOT NULL DEFAULT '0' COMMENT '性别（0-女，1-男）',
  `birthday` date NOT NULL DEFAULT '0000-00-00' COMMENT '生日',
  `qq` char(10) NOT NULL,
  `score` mediumint(8) NOT NULL DEFAULT '0' COMMENT '用户积分',
  `login` int(10) unsigned NOT NULL DEFAULT '0' COMMENT '登录次数',
  `reg_ip` bigint(20) NOT NULL DEFAULT '0' COMMENT '注册IP',
  `reg_time` int(10) unsigned NOT NULL DEFAULT '0' COMMENT '注册时间',
  `last_login_ip` bigint(20) NOT NULL DEFAULT '0' COMMENT '最后登录IP',
  `last_login_time` int(10) unsigned NOT NULL DEFAULT '0' COMMENT '最后登录时间',
  `status` tinyint(4) NOT NULL DEFAULT '0' COMMENT '会员状态',
  PRIMARY KEY (`uid`)
) ENGINE=MyISAM DEFAULT CHARSET=utf8 COMMENT='会员表\r\n@author   麦当苗儿\r\n@version  2013-05-27';

-- -----------------------------
-- Records of `onethink_member`
-- -----------------------------
INSERT INTO `onethink_member` VALUES ('1', '管理员', '0', '0000-00-00', '', '10', '36', '0', '0', '2130706433', '1381462578', '1');

-- -----------------------------
-- Table structure for `onethink_picture`
-- -----------------------------
DROP TABLE IF EXISTS `onethink_picture`;
CREATE TABLE `onethink_picture` (
  `id` int(10) unsigned NOT NULL AUTO_INCREMENT COMMENT '主键id自增',
  `path` varchar(255) NOT NULL DEFAULT '' COMMENT '路径',
  `url` varchar(255) NOT NULL DEFAULT '' COMMENT '图片链接',
  `md5` char(32) NOT NULL COMMENT '文件md5',
  `sha1` char(40) NOT NULL COMMENT '文件 sha1编码',
  `status` tinyint(1) NOT NULL DEFAULT '0' COMMENT '状态',
  `create_time` int(10) unsigned NOT NULL DEFAULT '0' COMMENT '创建时间',
  PRIMARY KEY (`id`)
) ENGINE=MyISAM AUTO_INCREMENT=6 DEFAULT CHARSET=utf8 ROW_FORMAT=DYNAMIC;

-- -----------------------------
-- Records of `onethink_picture`
-- -----------------------------
INSERT INTO `onethink_picture` VALUES ('1', '/Uploads/Picture/2013-09-29/5247eb639f1ca.jpg', '', 'f9d49a2483b43849baef98fdd3b1387b', '95b7b90741cd6d6484fb9a0077432ad58786a466', '1', '1380445027');
INSERT INTO `onethink_picture` VALUES ('2', '/Uploads/Picture/2013-09-29/5247eb75771aa.png', '', '8f0195f4ecdd3ec475f6390ef0b79885', 'c086a812d62980c6c6a70a71db72445a2fb51a3c', '1', '1380445045');
INSERT INTO `onethink_picture` VALUES ('3', '/Uploads/Picture/2013-09-29/5247ebdc6f22c.jpg', '', '8249e7eaddb9f76458540ea70558799b', 'b89e7ea138e4de42b54095fa04de1ea7823af19f', '1', '1380445148');
INSERT INTO `onethink_picture` VALUES ('4', '/Uploads/Picture/2013-09-29/5247ec1326af7.jpg', '', '5f9821d5276c7e1ee193c8b371b9ea01', 'c39f75859f7ebfb9e9a04959193d0d7127707ab3', '1', '1380445203');
INSERT INTO `onethink_picture` VALUES ('5', '/Uploads/Picture/2013-09-29/5247ecd2317ae.jpg', '', 'e2113d4293d779134fa2f71ee0b8bb34', '8e8832cca119a7e632d8a362183663c1fce05b43', '1', '1380445394');

-- -----------------------------
-- Table structure for `onethink_ucenter_admin`
-- -----------------------------
DROP TABLE IF EXISTS `onethink_ucenter_admin`;
CREATE TABLE `onethink_ucenter_admin` (
  `id` int(10) unsigned NOT NULL AUTO_INCREMENT COMMENT '管理员ID',
  `member_id` int(10) unsigned NOT NULL DEFAULT '0' COMMENT '管理员用户ID',
  `status` tinyint(3) unsigned NOT NULL DEFAULT '0' COMMENT '管理员状态',
  PRIMARY KEY (`id`)
) ENGINE=MyISAM AUTO_INCREMENT=3 DEFAULT CHARSET=utf8 COMMENT='管理员表';

-- -----------------------------
-- Records of `onethink_ucenter_admin`
-- -----------------------------
INSERT INTO `onethink_ucenter_admin` VALUES ('1', '1', '1');

-- -----------------------------
-- Table structure for `onethink_ucenter_app`
-- -----------------------------
DROP TABLE IF EXISTS `onethink_ucenter_app`;
CREATE TABLE `onethink_ucenter_app` (
  `id` int(10) unsigned NOT NULL AUTO_INCREMENT COMMENT '应用ID',
  `title` varchar(30) NOT NULL COMMENT '应用名称',
  `url` varchar(100) NOT NULL COMMENT '应用URL',
  `ip` char(15) NOT NULL COMMENT '应用IP',
  `auth_key` varchar(100) NOT NULL COMMENT '加密KEY',
  `sys_login` tinyint(1) unsigned NOT NULL DEFAULT '0' COMMENT '同步登陆',
  `allow_ip` varchar(255) NOT NULL COMMENT '允许访问的IP',
  `create_time` int(10) unsigned NOT NULL DEFAULT '0' COMMENT '创建时间',
  `update_time` int(10) unsigned NOT NULL DEFAULT '0' COMMENT '更新时间',
  `status` tinyint(4) NOT NULL DEFAULT '0' COMMENT '应用状态',
  PRIMARY KEY (`id`),
  KEY `status` (`status`) USING BTREE
) ENGINE=MyISAM AUTO_INCREMENT=2 DEFAULT CHARSET=utf8 COMMENT='应用表';

-- -----------------------------
-- Records of `onethink_ucenter_app`
-- -----------------------------
INSERT INTO `onethink_ucenter_app` VALUES ('1', 'ThinkPHP官网', 'http://www.thinkphp.cn', '', '', '0', '', '0', '0', '1');

-- -----------------------------
-- Table structure for `onethink_ucenter_member`
-- -----------------------------
DROP TABLE IF EXISTS `onethink_ucenter_member`;
CREATE TABLE `onethink_ucenter_member` (
  `id` int(10) unsigned NOT NULL AUTO_INCREMENT COMMENT '用户ID',
  `username` char(16) NOT NULL COMMENT '用户名',
  `password` char(32) NOT NULL COMMENT '密码',
  `email` char(32) NOT NULL COMMENT '用户邮箱',
  `mobile` char(15) NOT NULL COMMENT '用户手机',
  `reg_time` int(10) unsigned NOT NULL DEFAULT '0' COMMENT '注册时间',
  `reg_ip` bigint(20) NOT NULL DEFAULT '0' COMMENT '注册IP',
  `last_login_time` int(10) unsigned NOT NULL DEFAULT '0' COMMENT '最后登录时间',
  `last_login_ip` bigint(20) NOT NULL DEFAULT '0' COMMENT '最后登录IP',
  `update_time` int(10) unsigned NOT NULL DEFAULT '0' COMMENT '更新时间',
  `status` tinyint(4) DEFAULT '0' COMMENT '用户状态',
  PRIMARY KEY (`id`),
  UNIQUE KEY `username` (`username`) USING BTREE,
  UNIQUE KEY `email` (`email`) USING BTREE,
  KEY `status` (`status`) USING BTREE
) ENGINE=MyISAM AUTO_INCREMENT=19 DEFAULT CHARSET=utf8 COMMENT='用户表';

-- -----------------------------
-- Records of `onethink_ucenter_member`
-- -----------------------------
INSERT INTO `onethink_ucenter_member` VALUES ('1', 'Administrator', 'bf4dbd188ea7b6d8d432e00a8fee3b1d', 'zuojiazi@vip.qq.com', '', '1379506596', '2130706433', '1381462578', '2130706433', '1379506596', '1');

-- -----------------------------
-- Table structure for `onethink_ucenter_setting`
-- -----------------------------
DROP TABLE IF EXISTS `onethink_ucenter_setting`;
CREATE TABLE `onethink_ucenter_setting` (
  `id` int(10) unsigned NOT NULL AUTO_INCREMENT COMMENT '设置ID',
  `type` tinyint(3) unsigned NOT NULL DEFAULT '0' COMMENT '配置类型（1-用户配置）',
  `value` text NOT NULL COMMENT '配置数据',
  PRIMARY KEY (`id`)
) ENGINE=MyISAM DEFAULT CHARSET=utf8 COMMENT='设置表';


-- -----------------------------
-- Table structure for `onethink_url`
-- -----------------------------
DROP TABLE IF EXISTS `onethink_url`;
CREATE TABLE `onethink_url` (
  `id` int(11) unsigned NOT NULL AUTO_INCREMENT COMMENT '链接唯一标识',
  `url` char(255) NOT NULL DEFAULT '' COMMENT '链接地址',
  `short` char(100) NOT NULL DEFAULT '' COMMENT '短网址',
  `status` tinyint(2) NOT NULL COMMENT '状态（-1：删除，0：禁用，1：正常，2：未审核）',
  `create_time` int(10) unsigned NOT NULL COMMENT '创建时间',
  PRIMARY KEY (`id`),
  UNIQUE KEY `idx_url` (`url`) USING BTREE
) ENGINE=MyISAM DEFAULT CHARSET=utf8 COMMENT='链接表';

